{"initial_reset_timestamp": 1688040406.2186468, "timestamps": [1688040407.8568442, 1688040410.1349318, 1688040414.0551863, 1688040415.006366, 1688040415.8310313], "episode_lengths": [237, 626, 820, 160, 188], "episode_rewards": [3.0, 3.0, 7.0, 1.0, 1.0], "episode_types": ["t", "t", "t", "t", "t", "t"]}